[{"model": "categories.sector", "pk": 1, "fields": {"name": "Economics", "code": "s01"}}, {"model": "categories.sector", "pk": 2, "fields": {"name": "Math", "code": "s02"}}, {"model": "categories.qualification", "pk": 1, "fields": {"name": "Macro Economics", "code": "11UY0014-3/02", "sector": 1}}, {"model": "categories.qualification", "pk": 2, "fields": {"name": "Micro Economics", "code": "11UY0010-3/04", "sector": 1}}, {"model": "categories.qualification", "pk": 3, "fields": {"name": "Algebra", "code": "11UY0015-4/03", "sector": 2}}, {"model": "categories.unit", "pk": 1, "fields": {"name": "National Income", "code": "11UY0014-3/02/A1", "own_code": "A1", "qualification": 1, "required": true, "exam_config": "T1:60:12:60,120;;", "exam_types": [1]}}, {"model": "categories.unit", "pk": 2, "fields": {"name": "Growth", "code": "11UY0014-3/02/B1", "own_code": "B1", "qualification": 1, "required": false, "exam_config": "T1:70:13:60,120;P1:80;", "exam_types": [1, 3]}}, {"model": "categories.unit", "pk": 3, "fields": {"name": "First Models", "code": "11UY0014-3/02/B2", "own_code": "B2", "qualification": 1, "required": false, "exam_config": "T1:50:6:90,90;P1:80;T2:60:2", "exam_types": [1, 2, 3]}}, {"model": "categories.unit", "pk": 4, "fields": {"name": "Supply and Demand", "code": "11UY0010-3/04/A1", "own_code": "A1", "qualification": 2, "required": true, "exam_config": "T1:60:3:90,90;;", "exam_types": [1]}}, {"model": "categories.unit", "pk": 5, "fields": {"name": "Behavior of Industry", "code": "11UY0010-3/04/B1", "own_code": "B1", "qualification": 2, "required": false, "exam_config": "T1:70:3:60,120;P1:80;", "exam_types": [1, 3]}}, {"model": "categories.unit", "pk": 6, "fields": {"name": "Behavior of Government", "code": "11UY0010-3/04/B2", "own_code": "B2", "qualification": 2, "required": false, "exam_config": "T1:60:3:60,120;P1:80;", "exam_types": [1, 3]}}, {"model": "categories.unit", "pk": 7, "fields": {"name": "Numerals", "code": "11UY0015-4/03/A1", "own_code": "A1", "qualification": 3, "required": true, "exam_config": "T1:60:3:60,120;;", "exam_types": [1]}}, {"model": "categories.unit", "pk": 8, "fields": {"name": "Equations", "code": "11UY0015-4/03/A2", "own_code": "A2", "qualification": 3, "required": true, "exam_config": "T1:60:2:60,120;;", "exam_types": [1]}}, {"model": "categories.unit", "pk": 9, "fields": {"name": "Factorials", "code": "11UY0015-4/03/B1", "own_code": "B1", "qualification": 3, "required": false, "exam_config": "T1:60:3:90,90;P1:80;", "exam_types": [1, 3]}}, {"model": "categories.unit", "pk": 10, "fields": {"name": "Sets", "code": "11UY0015-4/03/B2", "own_code": "B2", "qualification": 3, "required": false, "exam_config": "T1:50:3:60,120;P1:80;", "exam_types": [1, 3]}}, {"model": "categories.knowledgestatement", "pk": 1, "fields": {"name": "GDP", "code": "11UY0014-3/02/A1/BG.1", "own_code": "BG.1", "unit": 1}}, {"model": "categories.knowledgestatement", "pk": 2, "fields": {"name": "Omissions from GDP", "code": "11UY0014-3/02/A1/BG.2", "own_code": "BG.2", "unit": 1}}, {"model": "categories.knowledgestatement", "pk": 3, "fields": {"name": "Measuring Approaches", "code": "11UY0014-3/02/A1/BG.3", "own_code": "BG.3", "unit": 1}}, {"model": "categories.knowledgestatement", "pk": 4, "fields": {"name": "Nominal GDP", "code": "11UY0014-3/02/A1/BG.4", "own_code": "BG.4", "unit": 1}}, {"model": "categories.knowledgestatement", "pk": 5, "fields": {"name": "PPP", "code": "11UY0014-3/02/A1/BG.5", "own_code": "BG.5", "unit": 1}}, {"model": "categories.knowledgestatement", "pk": 6, "fields": {"name": "GDP per Capita", "code": "11UY0014-3/02/A1/BG.6", "own_code": "BG.6", "unit": 1}}, {"model": "categories.knowledgestatement", "pk": 7, "fields": {"name": "GNP", "code": "11UY0014-3/02/A1/BG.7", "own_code": "BG.7", "unit": 1}}, {"model": "categories.knowledgestatement", "pk": 8, "fields": {"name": "Factors of Production", "code": "11UY0014-3/02/A1/BG.8", "own_code": "BG.8", "unit": 1}}, {"model": "categories.knowledgestatement", "pk": 9, "fields": {"name": "Entrepreneurship as a Factor", "code": "11UY0014-3/02/A1/BG.9", "own_code": "BG.9", "unit": 1}}, {"model": "categories.knowledgestatement", "pk": 10, "fields": {"name": "Technology", "code": "11UY0014-3/02/A1/BG.10", "own_code": "BG.10", "unit": 1}}, {"model": "categories.knowledgestatement", "pk": 11, "fields": {"name": "Output", "code": "11UY0014-3/02/A1/BG.11", "own_code": "BG.11", "unit": 1}}, {"model": "categories.knowledgestatement", "pk": 12, "fields": {"name": "Output Gap", "code": "11UY0014-3/02/A1/BG.12", "own_code": "BG.12", "unit": 1}}, {"model": "categories.knowledgestatement", "pk": 13, "fields": {"name": "Accumulation", "code": "11UY0014-3/02/B1/BG.1", "own_code": "BG.1", "unit": 2}}, {"model": "categories.knowledgestatement", "pk": 14, "fields": {"name": "Aggregate Supply", "code": "11UY0014-3/02/B1/BG.2", "own_code": "BG.2", "unit": 2}}, {"model": "categories.knowledgestatement", "pk": 15, "fields": {"name": "Changes in Aggregate Supply", "code": "11UY0014-3/02/B1/BG.3", "own_code": "BG.3", "unit": 2}}, {"model": "categories.knowledgestatement", "pk": 16, "fields": {"name": "AS Over Short vs. Long Run", "code": "11UY0014-3/02/B1/BG.4", "own_code": "BG.4", "unit": 2}}, {"model": "categories.knowledgestatement", "pk": 17, "fields": {"name": "Inflation", "code": "11UY0014-3/02/B1/BG.5", "own_code": "BG.5", "unit": 2}}, {"model": "categories.knowledgestatement", "pk": 18, "fields": {"name": "Demand-Pull Effect", "code": "11UY0014-3/02/B1/BG.6", "own_code": "BG.6", "unit": 2}}, {"model": "categories.knowledgestatement", "pk": 19, "fields": {"name": "Built-In Inflation", "code": "11UY0014-3/02/B1/BG.7", "own_code": "BG.7", "unit": 2}}, {"model": "categories.knowledgestatement", "pk": 20, "fields": {"name": "CPI", "code": "11UY0014-3/02/B1/BG.8", "own_code": "BG.8", "unit": 2}}, {"model": "categories.knowledgestatement", "pk": 21, "fields": {"name": "WPI", "code": "11UY0014-3/02/B1/BG.9", "own_code": "BG.9", "unit": 2}}, {"model": "categories.knowledgestatement", "pk": 22, "fields": {"name": "PPI", "code": "11UY0014-3/02/B1/BG.10", "own_code": "BG.10", "unit": 2}}, {"model": "categories.knowledgestatement", "pk": 23, "fields": {"name": "Measuring Inflation", "code": "11UY0014-3/02/B1/BG.11", "own_code": "BG.11", "unit": 2}}, {"model": "categories.knowledgestatement", "pk": 24, "fields": {"name": "Financial Regulation", "code": "11UY0014-3/02/B1/BG.12", "own_code": "BG.12", "unit": 2}}, {"model": "categories.knowledgestatement", "pk": 25, "fields": {"name": "Stagflation", "code": "11UY0014-3/02/B1/BG.13", "own_code": "BG.13", "unit": 2}}, {"model": "categories.knowledgestatement", "pk": 26, "fields": {"name": "Income", "code": "11UY0014-3/02/B2/BG.1", "own_code": "BG.1", "unit": 3}}, {"model": "categories.knowledgestatement", "pk": 27, "fields": {"name": "Interest", "code": "11UY0014-3/02/B2/BG.2", "own_code": "BG.2", "unit": 3}}, {"model": "categories.knowledgestatement", "pk": 28, "fields": {"name": "Monetary vs. Fiscal Policy", "code": "11UY0014-3/02/B2/BG.3", "own_code": "BG.3", "unit": 3}}, {"model": "categories.knowledgestatement", "pk": 29, "fields": {"name": "Central Banks", "code": "11UY0014-3/02/B2/BG.4", "own_code": "BG.4", "unit": 3}}, {"model": "categories.knowledgestatement", "pk": 30, "fields": {"name": "Impact on Consumers", "code": "11UY0014-3/02/B2/BG.5", "own_code": "BG.5", "unit": 3}}, {"model": "categories.knowledgestatement", "pk": 31, "fields": {"name": "Consumption", "code": "11UY0014-3/02/B2/BG.6", "own_code": "BG.6", "unit": 3}}, {"model": "categories.knowledgestatement", "pk": 32, "fields": {"name": "Supply", "code": "11UY0010-3/04/A1/BG.1", "own_code": "BG.1", "unit": 4}}, {"model": "categories.knowledgestatement", "pk": 33, "fields": {"name": "Demand", "code": "11UY0010-3/04/A1/BG.2", "own_code": "BG.2", "unit": 4}}, {"model": "categories.knowledgestatement", "pk": 34, "fields": {"name": "Elasticity", "code": "11UY0010-3/04/A1/BG.3", "own_code": "BG.3", "unit": 4}}, {"model": "categories.knowledgestatement", "pk": 35, "fields": {"name": "Cost of Production", "code": "11UY0010-3/04/B1/BG.1", "own_code": "BG.1", "unit": 5}}, {"model": "categories.knowledgestatement", "pk": 36, "fields": {"name": "Monopoly", "code": "11UY0010-3/04/B1/BG.2", "own_code": "BG.2", "unit": 5}}, {"model": "categories.knowledgestatement", "pk": 37, "fields": {"name": "Business Strategy", "code": "11UY0010-3/04/B1/BG.3", "own_code": "BG.3", "unit": 5}}, {"model": "categories.knowledgestatement", "pk": 38, "fields": {"name": "Externalities", "code": "11UY0010-3/04/B2/BG.1", "own_code": "BG.1", "unit": 6}}, {"model": "categories.knowledgestatement", "pk": 39, "fields": {"name": "Public Goods", "code": "11UY0010-3/04/B2/BG.2", "own_code": "BG.2", "unit": 6}}, {"model": "categories.knowledgestatement", "pk": 40, "fields": {"name": "Tax System", "code": "11UY0010-3/04/B2/BG.3", "own_code": "BG.3", "unit": 6}}, {"model": "categories.knowledgestatement", "pk": 41, "fields": {"name": "Numbers", "code": "11UY0015-4/03/A1/BG.1", "own_code": "BG.1", "unit": 7}}, {"model": "categories.knowledgestatement", "pk": 42, "fields": {"name": "Rational Numbers", "code": "11UY0015-4/03/A1/BG.2", "own_code": "BG.2", "unit": 7}}, {"model": "categories.knowledgestatement", "pk": 43, "fields": {"name": "Variables", "code": "11UY0015-4/03/A1/BG.3", "own_code": "BG.3", "unit": 7}}, {"model": "categories.knowledgestatement", "pk": 44, "fields": {"name": "Linear equation", "code": "11UY0015-4/03/A2/BG.1", "own_code": "BG.1", "unit": 8}}, {"model": "categories.knowledgestatement", "pk": 45, "fields": {"name": "Functional equation", "code": "11UY0015-4/03/A2/BG.2", "own_code": "BG.2", "unit": 8}}, {"model": "categories.knowledgestatement", "pk": 46, "fields": {"name": "Asymptotic behavior", "code": "11UY0015-4/03/B1/BG.1", "own_code": "BG.1", "unit": 9}}, {"model": "categories.knowledgestatement", "pk": 47, "fields": {"name": "Prime factors of n!", "code": "11UY0015-4/03/B1/BG.2", "own_code": "BG.2", "unit": 9}}, {"model": "categories.knowledgestatement", "pk": 48, "fields": {"name": "Pochhammer symbol", "code": "11UY0015-4/03/B1/BG.3", "own_code": "BG.3", "unit": 9}}, {"model": "categories.knowledgestatement", "pk": 49, "fields": {"name": "Combinatorial set theory", "code": "11UY0015-4/03/B2/BG.1", "own_code": "BG.1", "unit": 10}}, {"model": "categories.knowledgestatement", "pk": 50, "fields": {"name": "Axiomatic set theory", "code": "11UY0015-4/03/B2/BG.2", "own_code": "BG.2", "unit": 10}}, {"model": "categories.knowledgestatement", "pk": 51, "fields": {"name": "Determinacy", "code": "11UY0015-4/03/B2/BG.3", "own_code": "BG.3", "unit": 10}}, {"model": "categories.skillstatement", "pk": 1, "fields": {"name": "Show GDP model", "code": "11UY0014-3/02/A1/BY.1", "own_code": "BY.1", "unit": 1, "critical_step": true}}, {"model": "categories.skillstatement", "pk": 2, "fields": {"name": "Show Omissions from GDP", "code": "11UY0014-3/02/A1/BY.2", "own_code": "BY.2", "unit": 1, "critical_step": false}}, {"model": "categories.skillstatement", "pk": 3, "fields": {"name": "Show Measuring Approaches", "code": "11UY0014-3/02/A1/BY.3", "own_code": "BY.3", "unit": 1, "critical_step": true}}, {"model": "categories.skillstatement", "pk": 4, "fields": {"name": "Show Nominal GDP", "code": "11UY0014-3/02/A1/BY.4", "own_code": "BY.4", "unit": 1, "critical_step": false}}, {"model": "categories.skillstatement", "pk": 5, "fields": {"name": "Show PPP", "code": "11UY0014-3/02/A1/BY.5", "own_code": "BY.5", "unit": 1, "critical_step": true}}, {"model": "categories.skillstatement", "pk": 6, "fields": {"name": "Show GDP per Capita", "code": "11UY0014-3/02/A1/BY.6", "own_code": "BY.6", "unit": 1, "critical_step": false}}, {"model": "categories.skillstatement", "pk": 7, "fields": {"name": "Make GNP chart", "code": "11UY0014-3/02/A1/BY.7", "own_code": "BY.7", "unit": 1, "critical_step": true}}, {"model": "categories.skillstatement", "pk": 8, "fields": {"name": "Make Factors of Production chart", "code": "11UY0014-3/02/A1/BY.8", "own_code": "BY.8", "unit": 1, "critical_step": true}}, {"model": "categories.skillstatement", "pk": 9, "fields": {"name": "Make Entrepreneurship as a Factor chart", "code": "11UY0014-3/02/A1/BY.9", "own_code": "BY.9", "unit": 1, "critical_step": false}}, {"model": "categories.skillstatement", "pk": 10, "fields": {"name": "Make Accumulation chart", "code": "11UY0014-3/02/B1/BY.1", "own_code": "BY.1", "unit": 2, "critical_step": true}}, {"model": "categories.skillstatement", "pk": 11, "fields": {"name": "Make Aggregate Supply chart", "code": "11UY0014-3/02/B1/BY.2", "own_code": "BY.2", "unit": 2, "critical_step": true}}, {"model": "categories.skillstatement", "pk": 12, "fields": {"name": "Show Changes in Aggregate Supply", "code": "11UY0014-3/02/B1/BY.3", "own_code": "BY.3", "unit": 2, "critical_step": false}}, {"model": "categories.skillstatement", "pk": 13, "fields": {"name": "Show AS Over Short vs. Long Run", "code": "11UY0014-3/02/B1/BY.4", "own_code": "BY.4", "unit": 2, "critical_step": false}}, {"model": "categories.skillstatement", "pk": 14, "fields": {"name": "Show Inflation", "code": "11UY0014-3/02/B1/BY.5", "own_code": "BY.5", "unit": 2, "critical_step": true}}, {"model": "categories.skillstatement", "pk": 15, "fields": {"name": "Show Demand-Pull Effect", "code": "11UY0014-3/02/B1/BY.6", "own_code": "BY.6", "unit": 2, "critical_step": true}}, {"model": "categories.skillstatement", "pk": 19, "fields": {"name": "Show PPI", "code": "11UY0014-3/02/B1/BY.10", "own_code": "BY.10", "unit": 2, "critical_step": false}}, {"model": "categories.skillstatement", "pk": 20, "fields": {"name": "Show Measuring Inflation", "code": "11UY0014-3/02/B1/BY.11", "own_code": "BY.11", "unit": 2, "critical_step": false}}, {"model": "categories.skillstatement", "pk": 21, "fields": {"name": "Show Financial Regulation", "code": "11UY0014-3/02/B1/BY.12", "own_code": "BY.12", "unit": 2, "critical_step": true}}, {"model": "categories.skillstatement", "pk": 22, "fields": {"name": "Show Stagflation", "code": "11UY0014-3/02/B1/BY.13", "own_code": "BY.13", "unit": 2, "critical_step": false}}, {"model": "categories.skillstatement", "pk": 23, "fields": {"name": "Make Income chart", "code": "11UY0014-3/02/B2/BY.1", "own_code": "BY.1", "unit": 3, "critical_step": true}}, {"model": "categories.skillstatement", "pk": 24, "fields": {"name": "Make Interest chart", "code": "11UY0014-3/02/B2/BY.2", "own_code": "BY.2", "unit": 3, "critical_step": true}}, {"model": "categories.skillstatement", "pk": 25, "fields": {"name": "Show Monetary vs. Fiscal Policy", "code": "11UY0014-3/02/B2/BY.3", "own_code": "BY.3", "unit": 3, "critical_step": false}}, {"model": "categories.skillstatement", "pk": 26, "fields": {"name": "Show Central Banks", "code": "11UY0014-3/02/B2/BY.4", "own_code": "BY.4", "unit": 3, "critical_step": false}}, {"model": "categories.skillstatement", "pk": 27, "fields": {"name": "Show Impact on Consumers", "code": "11UY0014-3/02/B2/BY.5", "own_code": "BY.5", "unit": 3, "critical_step": false}}, {"model": "categories.skillstatement", "pk": 28, "fields": {"name": "Show Consumption", "code": "11UY0014-3/02/B2/BY.6", "own_code": "BY.6", "unit": 3, "critical_step": true}}, {"model": "categories.skillstatement", "pk": 29, "fields": {"name": "Show Supply", "code": "11UY0010-3/04/A1/BY.1", "own_code": "BY.1", "unit": 4, "critical_step": true}}, {"model": "categories.skillstatement", "pk": 30, "fields": {"name": "Make Demand chart", "code": "11UY0010-3/04/A1/BY.2", "own_code": "BY.2", "unit": 4, "critical_step": true}}, {"model": "categories.skillstatement", "pk": 31, "fields": {"name": "Make Elasticity chart", "code": "11UY0010-3/04/A1/BY.3", "own_code": "BY.3", "unit": 4, "critical_step": false}}, {"model": "categories.skillstatement", "pk": 32, "fields": {"name": "Make Cost of Production chart", "code": "11UY0010-3/04/B1/BY.1", "own_code": "BY.1", "unit": 5, "critical_step": true}}, {"model": "categories.skillstatement", "pk": 33, "fields": {"name": "Show Monopoly", "code": "11UY0010-3/04/B1/BY.2", "own_code": "BY.2", "unit": 5, "critical_step": true}}, {"model": "categories.skillstatement", "pk": 34, "fields": {"name": "Show Business Strategy", "code": "11UY0010-3/04/B1/BY.3", "own_code": "BY.3", "unit": 5, "critical_step": false}}, {"model": "categories.skillstatement", "pk": 35, "fields": {"name": "Show Externalities", "code": "11UY0010-3/04/B2/BY.1", "own_code": "BY.1", "unit": 6, "critical_step": true}}, {"model": "categories.skillstatement", "pk": 36, "fields": {"name": "Show Public Goods", "code": "11UY0010-3/04/B2/BY.2", "own_code": "BY.2", "unit": 6, "critical_step": false}}, {"model": "categories.skillstatement", "pk": 37, "fields": {"name": "Make Tax System chart", "code": "11UY0010-3/04/B2/BY.3", "own_code": "BY.3", "unit": 6, "critical_step": false}}, {"model": "categories.skillstatement", "pk": 38, "fields": {"name": "Make Numbers chart", "code": "11UY0015-4/03/A1/BY.1", "own_code": "BY.1", "unit": 7, "critical_step": true}}, {"model": "categories.skillstatement", "pk": 39, "fields": {"name": "Show Rational Numbers", "code": "11UY0015-4/03/A1/BY.2", "own_code": "BY.2", "unit": 7, "critical_step": false}}, {"model": "categories.skillstatement", "pk": 40, "fields": {"name": "Show Variables", "code": "11UY0015-4/03/A1/BY.3", "own_code": "BY.3", "unit": 7, "critical_step": true}}, {"model": "categories.skillstatement", "pk": 41, "fields": {"name": "Show Linear equation", "code": "11UY0015-4/03/A2/BY.1", "own_code": "BY.1", "unit": 8, "critical_step": true}}, {"model": "categories.skillstatement", "pk": 42, "fields": {"name": "Show Functional equation", "code": "11UY0015-4/03/A2/BY.2", "own_code": "BY.2", "unit": 8, "critical_step": true}}, {"model": "categories.skillstatement", "pk": 43, "fields": {"name": "Show Asymptotic behavior", "code": "11UY0015-4/03/B1/BY.1", "own_code": "BY.1", "unit": 9, "critical_step": true}}, {"model": "categories.skillstatement", "pk": 44, "fields": {"name": "Show Prime factors of n!", "code": "11UY0015-4/03/B1/BY.2", "own_code": "BY.2", "unit": 9, "critical_step": true}}, {"model": "categories.skillstatement", "pk": 45, "fields": {"name": "Show Pochhammer symbol", "code": "11UY0015-4/03/B1/BY.3", "own_code": "BY.3", "unit": 9, "critical_step": false}}, {"model": "categories.skillstatement", "pk": 46, "fields": {"name": "Make Combinatorial set theory chart", "code": "11UY0015-4/03/B2/BY.1", "own_code": "BY.1", "unit": 10, "critical_step": false}}, {"model": "categories.skillstatement", "pk": 47, "fields": {"name": "Show Axiomatic set theory", "code": "11UY0015-4/03/B2/BY.2", "own_code": "BY.2", "unit": 10, "critical_step": true}}, {"model": "categories.skillstatement", "pk": 48, "fields": {"name": "Show Determinacy on table", "code": "11UY0015-4/03/B2/BY.3", "own_code": "BY.3", "unit": 10, "critical_step": true}}]